,City,City ID,Latitude,Max Temp,Humidity,Wind Speed,% Clouds,Date
0,Cherskiy,2126199,68.75,-32.24,56,2.82,24,01/14/19
1,Necochea,3430443,-38.55,77.2,69,10.98,24,01/14/19
2,Halifax,6324729,44.65,21.2,57,5.82,75,01/14/19
3,Grand Gaube,934479,-20.01,80.6,74,9.17,40,01/14/19
4,Huarmey,3939168,-10.07,76.62,63,4.72,32,01/14/19
5,Busselton,2075265,-33.64,59.74,100,20.49,0,01/14/19
6,Te Anau,2181625,-45.41,49.39,86,2.71,48,01/14/19
7,Kapaa,5848280,22.08,78.98,62,8.05,90,01/14/19
8,Mar del Plata,3863379,-46.43,84.31,20,11.43,32,01/14/19
9,Dikson,1507390,73.51,7.09,93,22.84,80,01/14/19
10,Saint-Philippe,6138908,45.36,14.9,65,4.5,1,01/14/19
11,Klaksvik,2618795,62.23,32.0,100,26.4,92,01/14/19
12,Cape Town,3369157,-33.93,66.2,63,6.93,0,01/14/19
13,Mataura,6201424,-46.19,55.06,95,5.73,64,01/14/19
14,Rocha,3440777,-34.48,79.36,67,10.09,76,01/14/19
15,Saldanha,2737599,41.42,28.96,91,4.27,20,01/14/19
16,Manggar,1636426,-2.88,76.62,100,4.72,56,01/14/19
17,Machaneng,933488,-23.19,75.36,85,3.83,36,01/14/19
18,Sao Filipe,3374210,14.9,72.39,96,17.36,0,01/14/19
19,Saint George,262462,39.45,39.2,86,2.26,75,01/14/19
20,Hilo,5855927,19.71,75.92,64,4.7,20,01/14/19
21,Ushuaia,3833367,-54.81,60.8,81,20.8,75,01/14/19
22,Tasiilaq,3424607,65.61,15.8,43,24.16,68,01/14/19
23,Faya,110690,18.39,55.4,76,4.7,0,01/14/19
24,Gari,1506676,59.43,8.44,80,5.73,0,01/14/19
25,Ituiutaba,3460523,-18.97,88.41,54,5.06,8,01/14/19
26,Syracuse,5140405,43.05,26.96,85,2.48,1,01/14/19
27,Punta Arenas,3874787,-53.16,59.0,54,17.22,75,01/14/19
28,Georgetown,3378644,6.8,82.4,65,11.41,40,01/14/19
29,Hualmay,3939761,-11.1,76.26,69,6.29,20,01/14/19
30,Mahebourg,934322,-20.41,80.6,74,9.17,40,01/14/19
31,Khatanga,2022572,71.98,-20.14,59,16.46,76,01/14/19
32,Bethel,5880568,60.79,39.02,75,14.99,20,01/14/19
33,Samarai,2132606,-10.62,82.24,100,13.11,80,01/14/19
34,Hermanus,3366880,-34.42,55.6,91,2.93,0,01/14/19
35,Yellowknife,6185377,62.45,-16.61,68,9.17,20,01/14/19
36,Teahupoo,4033543,-17.83,86.0,70,16.11,75,01/14/19
37,Port Alfred,964432,-33.59,70.27,92,4.72,12,01/14/19
38,Thompson,6165406,55.74,-7.61,63,2.24,90,01/14/19
39,Sijunjung,1627185,-0.69,68.97,98,2.37,92,01/14/19
40,Barrow,3833859,-38.31,79.9,60,7.96,56,01/14/19
41,Jamestown,2069194,-33.21,72.84,69,3.49,12,01/14/19
42,Palu,1633034,-0.9,65.14,97,1.59,68,01/14/19
43,Nanortalik,3421765,60.14,27.21,95,5.61,88,01/14/19
44,Ucluelet,6171633,48.94,46.4,93,3.36,5,01/14/19
45,Berlevag,780687,70.86,26.6,100,9.17,90,01/14/19
46,Aklavik,5882953,68.22,-18.41,67,5.82,40,01/14/19
47,Nikolskoye,546105,59.7,33.8,95,6.71,90,01/14/19
48,Saskylakh,2017155,71.97,-56.63,0,7.29,0,01/14/19
49,Bluff,2175403,-23.58,73.96,84,8.75,56,01/14/19
50,Chuy,3443061,-33.69,75.58,93,9.98,68,01/14/19
51,Albany,5106834,42.65,28.4,45,3.36,75,01/14/19
52,Rikitea,4030556,-23.12,79.99,98,11.99,68,01/14/19
53,East London,1006984,-33.02,73.42,100,5.95,80,01/14/19
54,Ponta do Sol,3453439,-20.63,82.92,60,2.37,8,01/14/19
55,Leningradskiy,2123814,69.38,-7.09,91,12.44,80,01/14/19
56,Fort Nelson,5955902,58.81,1.4,84,5.82,75,01/14/19
57,Clyde River,5924351,70.47,-36.41,73,3.36,20,01/14/19
58,Biak,1637001,-0.91,73.29,100,3.71,92,01/14/19
59,Kangaatsiaq,3422683,68.31,6.69,100,7.52,44,01/14/19
60,Butaritari,2110227,3.07,83.46,100,15.35,92,01/14/19
61,Mecca,104515,21.43,60.82,92,3.38,20,01/14/19
62,Shimoda,1852357,34.7,49.03,100,7.96,0,01/14/19
63,Sadovoye,499535,47.78,31.12,96,14.79,80,01/14/19
64,Nantucket,4944903,41.28,33.98,68,10.29,90,01/14/19
65,Noumea,2139521,-22.28,77.0,78,9.17,0,01/14/19
66,Atuona,4020109,-9.8,81.84,98,15.46,76,01/14/19
67,Pangnirtung,6096551,66.15,-7.61,69,5.82,75,01/14/19
68,Weatherford,4740364,32.76,44.06,67,4.61,1,01/14/19
69,New Norfolk,2155415,-42.78,66.2,82,8.05,20,01/14/19
70,Qaanaaq,3831208,77.48,-28.24,100,8.75,0,01/14/19
71,Flinders,6255012,-34.58,71.49,86,5.17,100,01/14/19
72,Oistins,3373652,13.07,80.6,65,16.11,40,01/14/19
73,Cidreira,3466165,-30.17,83.64,86,3.71,68,01/14/19
74,Boguchany,1509844,58.38,3.36,73,4.5,36,01/14/19
75,Gushikawa,1863495,26.35,62.6,67,3.36,0,01/14/19
76,Victoria,1733782,5.28,78.8,94,6.96,75,01/14/19
77,Vao,588365,59.1,24.87,83,10.54,76,01/14/19
78,Kostomuksha,543899,64.59,20.01,88,6.62,80,01/14/19
79,San Patricio,3437029,-26.98,89.89,65,4.16,32,01/14/19
80,Langsa,1214724,4.47,65.91,83,2.37,0,01/14/19
81,Timbiqui,3667070,2.77,79.59,88,4.38,36,01/14/19
82,Tiksi,2015306,71.64,-35.44,67,2.82,36,01/14/19
83,Esperance,3573739,10.24,84.2,51,11.41,20,01/14/19
84,Hosakote,1267239,16.06,64.02,67,5.95,8,01/14/19
85,Lebu,344979,8.96,59.0,19,5.82,0,01/14/19
86,Pisco,3932145,-13.71,71.6,30,17.22,20,01/14/19
87,Kodiak,4407665,39.95,32.0,96,11.41,90,01/14/19
88,Devrek,748167,41.22,35.94,93,2.48,48,01/14/19
89,Souillac,3026644,45.6,48.2,66,2.24,90,01/14/19
90,La Ronge,6050066,55.1,15.8,85,9.17,90,01/14/19
91,Carnarvon,1014034,-30.97,66.09,17,10.54,0,01/14/19
92,Hobart,2163355,-42.88,66.2,82,8.05,20,01/14/19
93,Avarua,4035715,-21.21,84.2,70,4.7,40,01/14/19
94,Takoradi,2294915,4.89,81.39,100,7.74,8,01/14/19
95,Assiniboia,5887798,49.63,32.07,79,7.74,0,01/14/19
96,Kirakira,2178753,-10.46,82.74,100,5.61,8,01/14/19
97,Vaini,1273574,15.34,62.62,75,3.15,0,01/14/19
98,Saint-Louis,2978742,47.59,42.8,86,12.75,75,01/14/19
99,Gat,2249901,14.69,73.4,49,16.11,0,01/14/19
100,Mbandaka,2312895,0.05,75.31,94,2.59,68,01/14/19
101,Isangel,2136825,-19.55,78.51,100,14.67,44,01/14/19
102,Tezu,1254709,27.93,45.88,99,1.92,56,01/14/19
103,Amol,143534,36.47,50.0,93,4.7,0,01/14/19
104,Port Elizabeth,4501427,39.31,33.98,55,9.17,1,01/14/19
105,Ribeira Grande,3372707,38.52,59.0,82,5.82,40,01/14/19
106,Bambous Virieux,1106677,-20.34,80.6,74,9.17,40,01/14/19
107,Hithadhoo,1282256,-0.6,80.8,100,5.61,68,01/14/19
108,Portland,5746545,45.52,46.94,45,21.92,20,01/14/19
109,Kihei,5849297,20.76,78.98,58,3.36,20,01/14/19
110,Zhanaozen,607610,43.35,27.97,90,6.96,12,01/14/19
111,Hofn,2630299,64.25,38.23,100,7.18,80,01/14/19
112,Bathsheba,3374083,13.22,80.6,65,16.11,40,01/14/19
113,Barcelos,2742416,41.53,41.0,100,1.12,44,01/14/19
114,Castro,3896218,-42.48,69.8,56,8.05,0,01/14/19
115,Binzhou,1816336,37.38,26.17,38,18.81,0,01/14/19
116,Vannes,2970777,47.66,46.4,70,2.24,90,01/14/19
117,Vaitape,4033077,-16.52,81.7,100,17.58,92,01/14/19
118,Labuhan,1641899,-2.54,71.71,98,1.48,44,01/14/19
119,Yulara,6355222,-25.24,82.4,23,3.36,0,01/14/19
120,La Paz,4000900,24.15,64.4,100,3.36,90,01/14/19
121,Chokurdakh,2126123,70.62,-24.32,37,3.15,68,01/14/19
122,Adrar,2508813,27.87,51.8,32,5.82,0,01/14/19
123,Airai,1651810,-8.93,69.1,92,1.7,32,01/14/19
124,Codrington,2160063,-28.95,68.0,93,3.36,40,01/14/19
125,New Baltimore,5003369,42.68,35.6,50,4.5,1,01/14/19
126,Plettenberg Bay,964712,-34.05,66.27,100,2.71,0,01/14/19
127,Pampa,5527953,35.54,57.56,42,9.17,40,01/14/19
128,Morwell,2156825,-38.24,72.34,79,2.37,12,01/14/19
129,Ixtapa,4004293,20.71,82.4,61,6.93,75,01/14/19
130,Mount Gambier,2156643,-37.83,62.6,82,4.7,24,01/14/19
131,Puerto Ayora,3652764,-0.74,80.6,74,11.41,40,01/14/19
132,Dingle,1714733,11.0,74.41,90,11.65,64,01/14/19
133,Maceio,3395981,-9.67,82.4,65,10.29,40,01/14/19
134,Karratha,6620339,-20.74,75.31,90,3.15,0,01/14/19
135,Oranjemund,3354071,-28.55,64.24,96,18.7,0,01/14/19
136,Stykkisholmur,3412888,65.08,31.57,100,1.7,88,01/14/19
137,Arraial do Cabo,3471451,-22.97,86.0,74,18.34,0,01/14/19
138,Constitucion,4011743,23.99,68.0,28,2.24,40,01/14/19
139,Catalina,3670419,8.86,93.2,49,6.29,40,01/14/19
140,Jefferson City,4392388,38.58,32.0,81,8.05,90,01/14/19
141,Tuatapere,2180815,-46.13,55.47,100,3.6,64,01/14/19
142,Ravar,118704,31.27,59.97,29,9.53,0,01/14/19
143,Ambilobe,1082243,-13.19,72.57,89,3.83,12,01/14/19
144,Indi,1269751,17.17,69.55,60,7.74,48,01/14/19
145,Homer,5864145,59.64,39.92,76,5.82,20,01/14/19
146,Paamiut,3421193,61.99,25.54,100,5.5,32,01/14/19
147,Kisangani,212730,0.52,75.54,91,4.38,88,01/14/19
148,Koumac,2140558,-20.56,78.96,85,6.85,24,01/14/19
149,Khudat,586001,41.63,24.19,100,2.48,8,01/14/19
150,Palmer,2067070,-34.85,71.6,37,4.7,0,01/14/19
151,Sao Miguel do Araguaia,3448455,-13.28,81.88,72,4.38,32,01/14/19
152,Qeshm,119374,26.96,69.8,88,4.7,20,01/14/19
153,Nador,2541479,35.17,60.8,41,5.82,0,01/14/19
154,Hasaki,2112802,35.73,28.4,92,2.24,20,01/14/19
155,Sharan,1120879,33.15,1.69,53,2.48,8,01/14/19
156,Sept-Iles,6144312,50.2,10.4,66,3.36,90,01/14/19
157,Fortuna,2517679,38.18,55.4,66,5.82,0,01/14/19
158,Bayir,304183,37.27,46.4,93,5.82,75,01/14/19
159,Plouzane,2986626,48.38,46.4,81,1.12,90,01/14/19
160,Tuktoyaktuk,6170031,69.44,-11.21,76,10.29,75,01/14/19
161,Kloulklubed,7671223,7.04,78.8,78,9.17,75,01/14/19
162,Buturlino,570564,55.57,22.12,90,16.02,88,01/14/19
163,Sola,3137942,58.89,35.6,100,8.05,75,01/14/19
164,Pevek,2122090,69.7,-15.64,100,11.65,76,01/14/19
165,Okhotsk,2122605,59.36,-16.0,100,7.4,64,01/14/19
166,Puerto Carreno,3671519,6.19,91.4,46,4.7,40,01/14/19
167,El Silencio,3685871,3.1,87.8,45,9.17,40,01/14/19
168,Port Moresby,2088122,-9.47,77.0,94,5.82,40,01/14/19
169,Katsuura,1865309,33.93,37.4,100,6.93,40,01/14/19
170,Severo-Kurilsk,2121385,50.68,27.07,100,11.1,56,01/14/19
171,Milkovo,727030,41.53,42.8,56,17.22,92,01/14/19
172,Labytnangi,1500933,66.66,-5.02,54,3.94,36,01/14/19
173,Salinas,5391295,36.67,57.2,67,8.05,20,01/14/19
174,Pithoro,1167798,25.52,51.64,70,4.38,8,01/14/19
175,Bria,239899,6.54,77.47,57,8.41,24,01/14/19
176,Vestmannaeyjar,3412093,63.44,39.04,100,23.06,48,01/14/19
177,Bredasdorp,1015776,-34.53,64.4,68,6.93,0,01/14/19
178,Yaring,1604771,6.87,72.52,93,2.59,20,01/14/19
179,Minas Novas,3457152,-17.22,83.68,50,7.18,0,01/14/19
180,Tupik,2014836,54.43,-9.79,63,5.39,44,01/14/19
181,Auki,2339937,12.18,65.46,26,8.75,0,01/14/19
182,Norwich,2641181,52.63,40.82,93,6.93,20,01/14/19
183,Coos Bay,5720495,43.37,57.02,45,11.41,1,01/14/19
184,Cobija,3919998,-11.02,87.8,66,3.36,40,01/14/19
185,Tadine,2138285,-21.55,77.79,97,17.69,92,01/14/19
186,Arman,2127060,59.7,-28.28,43,2.59,0,01/14/19
187,Mizunami,1856667,35.36,37.4,74,6.93,20,01/14/19
188,Skibbereen,2961459,51.55,44.6,100,9.17,75,01/14/19
189,Abay,1526970,49.63,23.0,73,31.32,40,01/14/19
190,Kruisfontein,986717,-34.0,64.29,95,4.94,0,01/14/19
191,Rio Gallegos,3838859,-51.62,71.6,26,6.93,0,01/14/19
192,Upernavik,3418910,72.79,-10.91,100,16.8,12,01/14/19
193,Malvern,2633560,52.12,42.8,81,6.93,0,01/14/19
194,Touros,3386213,-5.2,80.62,84,9.19,32,01/14/19
195,Luganville,2136150,-15.51,82.42,100,7.18,80,01/14/19
196,Jalu,86049,29.03,48.31,51,11.54,0,01/14/19
197,Yibin,1786770,28.77,41.92,95,4.61,48,01/14/19
198,Ulaanbaatar,2028462,47.92,-27.41,67,2.37,0,01/14/19
199,Herouville-Saint-Clair,3013403,49.21,46.4,81,5.82,90,01/14/19
200,Luderitz,3355672,-26.65,65.5,63,22.28,0,01/14/19
201,Saint-Joseph,3037456,43.56,51.8,87,5.82,0,01/14/19
202,Port Lincoln,2063036,-34.72,67.3,92,2.71,20,01/14/19
203,Hamilton,3573197,32.3,68.0,94,21.92,75,01/14/19
204,Naze,2337542,5.43,80.08,76,7.74,36,01/14/19
205,Molodiya,700831,48.22,32.0,89,11.18,0,01/14/19
206,Barranca,3946820,-10.75,72.66,97,10.87,12,01/14/19
207,San Cristobal,3652462,-0.39,64.4,68,11.41,75,01/14/19
208,Laguna,4013704,27.52,77.0,27,3.36,90,01/14/19
209,Mrakovo,524681,52.72,11.77,85,1.92,48,01/14/19
210,Cheyenne,5821086,41.14,45.32,14,13.87,1,01/14/19
211,Egvekinot,4031742,66.32,-14.42,82,3.83,76,01/14/19
212,Zhigansk,2012530,66.77,-33.23,60,3.94,8,01/14/19
213,Mount Isa,2065594,-20.73,78.8,44,2.24,0,01/14/19
214,Murgab,1218612,37.5,59.0,28,11.41,75,01/14/19
215,Narrabri,2155742,-30.33,80.6,39,10.29,0,01/14/19
216,Beringovskiy,2126710,63.05,-3.49,88,30.78,88,01/14/19
217,Ozinki,513328,51.2,17.8,91,9.42,88,01/14/19
218,Batemans Bay,2176639,-35.71,72.52,91,4.38,0,01/14/19
219,Arlit,2447513,18.74,53.26,60,1.59,0,01/14/19
220,Padang,1633419,-0.92,75.81,100,8.63,92,01/14/19
221,Xian,3109642,42.76,46.4,87,3.36,0,01/14/19
222,Shinshiro,1852046,34.95,37.4,74,6.93,20,01/14/19
223,Norsup,2135517,-16.07,82.42,89,4.72,44,01/14/19
224,Cascais,2269594,38.7,51.8,87,8.05,0,01/14/19
225,Torbay,6167817,47.66,23.0,73,14.99,20,01/14/19
226,Nelson Bay,2155562,-32.72,75.2,73,9.17,0,01/14/19
227,Tabou,2281120,4.42,82.96,99,7.74,12,01/14/19
228,Tateyama,1849876,36.66,10.51,100,2.48,56,01/14/19
229,Mitsamiouli,921786,-11.38,80.6,78,6.93,75,01/14/19
230,Mapiripan,3792394,2.89,90.79,50,7.18,32,01/14/19
231,Todos Santos,3981432,23.45,68.0,68,8.05,90,01/14/19
232,Alofi,4036284,-19.06,84.2,74,11.41,75,01/14/19
233,Kidal,2455290,18.44,54.21,33,5.84,0,01/14/19
234,Deputatskiy,2028164,69.3,-32.65,54,2.93,48,01/14/19
235,Provideniya,4031574,64.42,14.0,92,29.08,90,01/14/19
236,Solnechnyy,2016307,50.72,-13.12,60,0.47,24,01/14/19
237,Whitianga,2179103,-36.83,62.8,100,2.71,92,01/14/19
238,Guerrero Negro,4021858,27.97,70.59,63,4.94,0,01/14/19
239,Norman Wells,6089245,65.28,-11.21,69,12.75,75,01/14/19
240,Jizan,105299,16.89,77.0,78,5.84,0,01/14/19
241,Atikokan,5888001,48.76,23.34,63,4.61,0,01/14/19
242,Kavieng,2094342,-2.57,80.71,100,10.65,64,01/14/19
243,Iqaluit,5983720,63.75,-2.21,70,6.93,90,01/14/19
244,Tautira,4033557,-17.73,86.0,70,16.11,75,01/14/19
245,Sucua,3650956,-2.46,73.4,88,8.05,75,01/14/19
246,Saschiz,667923,46.19,35.6,80,8.05,76,01/14/19
247,Anito,1730622,12.45,79.86,96,20.49,0,01/14/19
248,Farafangana,1065158,-22.82,82.15,93,11.21,64,01/14/19
249,Taoudenni,2450173,22.68,48.99,31,8.97,0,01/14/19
250,Fare,4034496,-16.7,81.16,100,16.13,92,01/14/19
251,Vila Franca do Campo,3372472,37.72,60.8,72,4.7,20,01/14/19
252,Lompoc,5367788,34.64,57.92,79,8.05,90,01/14/19
253,Alta Gracia,3866163,-31.66,73.4,73,9.17,75,01/14/19
254,Puerto Baquerizo Moreno,3652758,-0.9,77.0,94,9.17,90,01/14/19
255,Coihaique,3894426,-45.58,73.4,22,4.7,0,01/14/19
256,Guadalupe y Calvo,4005370,26.09,63.39,33,3.49,24,01/14/19
257,Fukuma,1863978,33.77,44.6,81,10.29,75,01/14/19
258,Vardo,4372777,39.62,35.96,74,3.15,1,01/14/19
259,Niksar,741304,40.59,40.84,62,6.51,36,01/14/19
260,Acapulco,3533462,16.86,86.0,66,5.82,40,01/14/19
261,Changde,1791121,29.04,38.86,100,4.05,92,01/14/19
262,Ulaangom,1515029,49.98,-27.97,36,0.58,0,01/14/19
263,Hovd,7626384,63.83,30.2,92,14.99,90,01/14/19
264,Rovaniemi,638936,66.5,8.6,92,10.29,0,01/14/19
265,Warrnambool,2144528,-38.38,66.04,83,5.84,100,01/14/19
266,Ahuimanu,5856516,21.44,78.08,78,3.94,90,01/14/19
267,Morrope,3694586,-6.54,77.0,69,16.11,90,01/14/19
268,Kiunga,2093846,-6.12,71.89,98,2.48,92,01/14/19
269,Coahuayana,3981460,18.62,82.06,31,2.93,20,01/14/19
270,Whitehorse,6180550,60.72,6.8,92,5.82,90,01/14/19
271,Price,5545269,39.6,28.94,66,6.93,90,01/14/19
272,Narasannapeta,1261853,18.42,62.26,95,2.48,36,01/14/19
273,Rawson,3839307,-43.3,94.12,17,9.75,0,01/14/19
274,Negombo,1233369,7.21,77.0,78,9.17,20,01/14/19
275,Westport,2960970,53.8,44.6,100,11.41,90,01/14/19
276,Husavik,5961417,50.56,12.04,92,3.94,24,01/14/19
277,Namatanai,2090021,-3.66,79.9,100,11.54,80,01/14/19
278,Hay River,5972762,60.82,-11.21,76,5.82,75,01/14/19
279,Hokitika,2206894,-42.72,62.26,89,5.06,0,01/14/19
280,Sao Miguel do Iguacu,3448453,-25.35,91.4,78,3.36,75,01/14/19
281,Boyolangu,1648082,-8.09,73.06,95,3.15,32,01/14/19
282,Vostok,2013279,46.45,5.97,85,1.92,88,01/14/19
283,Port Blair,1259385,11.67,82.06,100,11.77,44,01/14/19
284,Sao Felix do Xingu,3388847,-6.64,72.21,97,1.81,92,01/14/19
285,Astoria,5711847,46.19,51.98,36,17.22,1,01/14/19
286,Geraldton,5960603,49.72,17.6,61,10.29,90,01/14/19
287,College,5859699,64.86,-4.18,84,2.93,1,01/14/19
288,Macheng,1801582,31.18,36.66,100,3.6,76,01/14/19
289,Saint-Augustin,3031582,44.83,50.0,70,6.93,90,01/14/19
290,Gornopravdinsk,1506268,60.06,20.86,88,6.4,76,01/14/19
291,Norden,2862118,53.59,41.0,60,11.41,64,01/14/19
292,Markala,2453662,13.69,72.12,26,9.98,0,01/14/19
293,Bage,2329562,10.95,68.11,30,9.19,0,01/14/19
294,Sorong,1626542,-0.86,81.97,100,4.38,88,01/14/19
295,Camacha,2270385,33.08,62.6,67,8.05,40,01/14/19
296,Lorengau,2092164,-2.02,83.41,99,14.56,88,01/14/19
297,Daru,2409663,7.99,78.87,52,3.83,12,01/14/19
298,Sorland,3137469,67.67,33.8,50,19.46,40,01/14/19
299,Brae,2654970,60.4,35.6,100,5.82,92,01/14/19
300,Longyearbyen,2729907,78.22,6.8,65,5.82,20,01/14/19
301,Tripoli,252601,37.51,46.4,93,4.7,68,01/14/19
302,Ballina,2966778,54.11,44.6,100,11.41,90,01/14/19
303,Saint-Pierre,2995603,48.95,42.8,86,6.93,90,01/14/19
304,Mayo,6068416,63.59,-22.01,74,3.36,5,01/14/19
305,Tarakan,1624725,3.3,75.67,100,3.6,76,01/14/19
306,Aksarka,1512019,66.56,1.96,78,8.3,36,01/14/19
307,Road Town,3577430,18.42,84.2,58,4.7,40,01/14/19
308,Mount Pleasant,4712933,33.16,37.4,78,4.7,90,01/14/19
309,Tilichiki,2120591,60.47,-27.74,43,7.63,0,01/14/19
310,Kuala Lipis,1733023,4.19,68.16,96,2.59,8,01/14/19
311,Saint-Francois,2980080,46.42,42.8,75,4.7,0,01/14/19
312,Bonthe,2409914,7.53,82.42,71,6.17,20,01/14/19
313,Beyneu,610298,45.32,25.77,93,5.39,56,01/14/19
314,Xining,1788852,36.62,2.41,78,1.92,68,01/14/19
315,Muros,3115824,42.77,44.6,87,4.7,0,01/14/19
316,Opuwo,3354077,-18.06,65.32,38,4.83,12,01/14/19
317,Lashio,1314759,22.93,48.54,85,1.7,36,01/14/19
318,Dudinka,1507116,69.41,10.47,79,23.17,76,01/14/19
319,Gazojak,1514792,41.19,39.94,94,3.49,100,01/14/19
320,Reconquista,3429594,-29.14,77.97,95,11.65,36,01/14/19
321,Lagoa,2267254,37.14,51.8,66,8.05,0,01/14/19
322,Doliana,735839,39.9,46.4,100,1.48,75,01/14/19
323,Susangerd,137268,31.56,60.8,93,2.24,90,01/14/19
324,Sinnamary,3380290,5.38,80.08,93,8.75,88,01/14/19
325,Mariental,2873499,52.28,33.8,80,12.75,75,01/14/19
326,Sergeyevka,1519385,53.88,15.64,84,3.15,76,01/14/19
327,Watertown,5232741,44.9,28.94,91,10.29,90,01/14/19
328,Saint-Gaudens,2980045,43.11,46.4,93,8.05,90,01/14/19
329,Moree,2156927,-29.46,77.0,57,12.75,0,01/14/19
330,Rzhev,499717,56.26,27.34,89,18.7,88,01/14/19
331,Saint Anthony,5606187,43.97,26.06,59,3.36,1,01/14/19
332,Danville,4755280,36.59,37.94,78,5.82,90,01/14/19
333,Izhma,554830,65.01,18.97,85,5.95,76,01/14/19
334,Tabas,113659,33.6,55.4,32,4.7,32,01/14/19
335,Rio Claro,3451234,-22.41,89.6,43,3.36,20,01/14/19
336,Coquimbo,3893629,-29.95,69.8,56,14.99,0,01/14/19
337,Goderich,5962442,43.74,26.98,87,9.42,20,01/14/19
338,Utraula,1253638,27.32,47.77,92,8.3,0,01/14/19
339,Kamaishi,2112444,39.28,18.84,92,1.59,0,01/14/19
340,Burlington,5911592,43.32,28.4,68,5.82,40,01/14/19
341,Alta Floresta,6316343,-9.87,82.4,74,5.82,40,01/14/19
342,Lola,2418092,7.8,71.89,45,5.95,20,01/14/19
343,Upata,3625710,8.02,87.87,39,8.41,88,01/14/19
344,Ziarat,1162094,30.38,18.88,32,3.6,0,01/14/19
345,Wanning,3220813,48.64,32.0,92,13.87,75,01/14/19
346,Okha,2122614,53.59,-2.63,86,9.19,48,01/14/19
347,Verkhoyansk,2013465,67.55,-62.35,0,1.92,8,01/14/19
348,Faanui,4034551,-16.48,81.84,100,16.35,92,01/14/19
349,Jaguey Grande,3556437,22.53,77.0,65,11.41,40,01/14/19
350,Charlestown,5221384,41.38,33.98,57,9.17,40,01/14/19
351,Biltine,244878,14.53,66.85,28,7.85,0,01/14/19
352,Copiapo,3893656,-27.37,73.4,49,12.75,0,01/14/19
353,Bajil,2513562,38.23,33.01,77,3.49,0,01/14/19
354,Kahului,5847411,20.89,78.98,58,3.36,20,01/14/19
355,Taungdwingyi,1294041,20.0,57.81,89,3.6,0,01/14/19
356,Gamba,1281256,28.28,-14.74,48,4.94,12,01/14/19
357,Esik,1523741,43.36,23.0,79,11.18,75,01/14/19
358,Saint Marys,5210117,41.43,33.98,54,3.36,1,01/14/19
359,Ketchikan,5554428,55.34,46.04,96,4.7,90,01/14/19
360,Tiznit,2527089,29.7,51.37,75,1.14,0,01/14/19
361,Tyulgan,479871,52.34,13.17,87,3.15,68,01/14/19
362,Palaikastron,256155,35.2,58.12,100,16.58,76,01/14/19
363,Humaita,3838233,-24.93,71.6,78,2.24,90,01/14/19
364,Kendari,1640344,-3.99,73.15,98,2.82,92,01/14/19
365,Yerbogachen,2012956,61.28,-16.72,48,2.71,56,01/14/19
366,Jijiga,333795,9.35,43.14,79,2.37,0,01/14/19
367,Walvis Bay,3359638,-22.95,68.0,77,5.82,92,01/14/19
368,Karaton,1630058,-6.34,77.0,88,2.24,40,01/14/19
369,Cayenne,3382160,4.94,80.6,78,8.05,75,01/14/19
370,Mastic Beach,5126209,40.77,33.98,57,9.17,40,01/14/19
371,Mayya,2020121,61.74,-45.41,57,4.47,20,01/14/19
372,Westerly,5225631,41.38,33.98,90,10.29,1,01/14/19
373,Salta,3838233,-24.79,71.6,78,2.24,90,01/14/19
374,Esmeraldas,3464008,-19.76,87.8,40,11.41,20,01/14/19
375,Along,1278969,28.17,44.31,79,2.04,8,01/14/19
376,Zaozerne,702421,51.37,26.26,91,21.27,92,01/14/19
377,Wilmington Island,4231354,32.0,50.0,70,5.82,90,01/14/19
378,Ambon,3037899,47.55,46.4,70,2.24,90,01/14/19
379,Sambava,1056899,-14.27,77.52,100,12.55,80,01/14/19
380,Namanga,184570,-2.55,64.56,85,5.84,48,01/14/19
381,Cabo San Lucas,3985710,22.89,68.0,88,13.87,90,01/14/19
382,Beipiao,2038342,41.8,4.71,25,21.16,0,01/14/19
383,Kenai,5866063,60.55,26.96,88,8.05,75,01/14/19
384,Moose Factory,6078372,51.26,12.2,51,12.75,1,01/14/19
385,Nemuro,2128975,43.32,27.16,100,10.2,0,01/14/19
386,Alice Springs,2077895,-23.7,77.0,23,3.36,0,01/14/19
387,Haines Junction,5969025,60.75,-8.8,73,2.26,56,01/14/19
388,Silver City,5491487,32.77,52.16,46,9.17,1,01/14/19
389,Yumen,1528998,40.29,3.58,69,6.62,68,01/14/19
390,Champerico,3530097,16.38,82.4,48,16.11,75,01/14/19
391,Xuanzhou,1788081,30.95,42.1,100,3.71,92,01/14/19
392,Eskilstuna,2715953,59.37,30.2,54,18.34,44,01/14/19
393,Terre Haute,4265737,39.47,33.08,89,4.27,1,01/14/19
394,Wasco,5550368,35.59,57.2,42,10.29,75,01/14/19
395,Magadi,1264514,12.96,57.2,87,2.24,0,01/14/19
396,Pong,1614295,12.95,75.2,88,3.36,20,01/14/19
397,Ambovombe,1079048,-25.18,80.31,82,7.4,68,01/14/19
398,Buta,217570,2.79,74.41,77,3.15,56,01/14/19
399,Honningsvag,779554,70.98,30.2,92,5.82,75,01/14/19
400,Havre-Saint-Pierre,5972291,50.23,19.4,79,16.11,90,01/14/19
401,Yar-Sale,1486321,66.83,11.77,94,11.65,64,01/14/19
402,Vila Velha,6320062,-3.71,82.4,83,9.17,40,01/14/19
403,Nagua,3496021,19.37,82.4,74,4.7,20,01/14/19
404,Madimba,2221046,4.42,78.8,100,7.18,40,01/14/19
405,Thinadhoo,1337610,0.53,82.33,100,9.42,68,01/14/19
406,Inhambane,1045114,-23.87,79.36,100,10.65,88,01/14/19
407,Valparaiso,4927537,41.47,28.4,86,9.17,90,01/14/19
408,Enshi,1811720,30.29,33.28,100,2.48,92,01/14/19
409,Bambanglipuro,1650434,-7.95,72.25,100,2.93,64,01/14/19
410,Rexburg,5605242,43.82,26.06,59,3.36,1,01/14/19
411,Jacareacanga,3397763,-6.22,78.8,83,4.7,75,01/14/19
412,Kafanchan,2335713,9.58,69.1,75,3.49,0,01/14/19
413,Dorchester,2651101,50.71,44.6,81,6.93,75,01/14/19
414,Lata,1253628,30.78,25.59,64,2.59,0,01/14/19
415,Imbituba,3461370,-28.24,86.0,70,10.29,20,01/14/19
416,Mindelo,2739997,41.31,41.0,100,1.12,56,01/14/19
417,Caranavi,3922037,-15.83,71.04,83,2.15,92,01/14/19
418,Moron,3631878,10.49,79.86,52,4.83,12,01/14/19
419,Tomigusuku,1850108,26.18,62.6,67,3.36,0,01/14/19
420,Svetlaya,2015852,46.54,17.94,100,7.96,20,01/14/19
421,Ibipeba,3461592,-11.64,72.52,89,4.16,44,01/14/19
422,Komsomolskiy,1486910,67.55,10.11,85,12.44,80,01/14/19
423,Koslan,544084,63.46,18.43,78,5.95,80,01/14/19
424,Wewak,2083537,-3.55,76.89,95,3.15,76,01/14/19
425,Umm Lajj,100926,25.02,57.99,100,8.08,36,01/14/19
426,Tahe,2034615,52.34,-10.6,51,6.06,0,01/14/19
427,Zyryanka,2119283,65.73,-22.52,67,4.27,64,01/14/19
428,Cangzhou,1816080,38.3,20.05,41,17.81,0,01/14/19
429,Olga,5368361,34.11,55.94,92,8.05,90,01/14/19
430,Suoyarvi,486186,62.08,29.95,92,6.4,92,01/14/19
431,Zima,2012484,53.93,-6.68,57,3.94,88,01/14/19
432,Tolaga Bay,2180991,-38.37,63.61,94,4.38,0,01/14/19
433,Saurimo,145531,-9.66,69.42,92,4.83,48,01/14/19
434,Marienburg,2803461,52.12,35.6,80,13.87,20,01/14/19
435,Bukachacha,2026023,52.99,-12.49,54,5.17,44,01/14/19
436,Bone,1622786,-5.29,75.2,100,4.7,40,01/14/19
437,Saquena,3692020,-4.67,79.63,88,4.16,44,01/14/19
438,Ondjiva,3346821,-17.07,81.97,16,18.81,32,01/14/19
439,Safford,5312476,32.83,57.92,49,4.7,1,01/14/19
440,Pachino,6539213,36.72,48.2,87,4.7,40,01/14/19
441,Latung,1629380,-8.45,71.22,99,3.15,56,01/14/19
442,Lekoni,2399831,-1.58,71.31,93,3.27,24,01/14/19
443,Nome,4732862,30.04,55.04,49,6.93,1,01/14/19
444,Manaure,3675504,11.78,91.4,38,16.11,0,01/14/19
445,Saint Paul,5045360,44.95,32.0,78,10.29,90,01/14/19
446,Anadyr,2127202,64.73,-14.81,75,15.66,90,01/14/19
447,Sampit,1628884,-2.54,74.01,97,3.15,68,01/14/19
448,Dori,2361082,14.03,67.75,27,7.63,0,01/14/19
449,Charleston,4801859,38.35,30.92,107,3.38,90,01/14/19
450,Bubaque,2374583,11.28,80.94,95,9.19,0,01/14/19
451,Nunoa,3934233,-14.48,41.79,97,3.6,76,01/14/19
452,San Quintin,1688687,17.54,60.69,79,3.38,0,01/14/19
453,Kalmunai,1242110,7.42,72.21,100,3.6,100,01/14/19
454,Bintulu,1737486,3.17,77.0,94,5.82,75,01/14/19
455,Omboue,2396853,-1.57,81.84,100,5.5,48,01/14/19
456,Carauari,3664659,-4.88,86.16,69,4.72,32,01/14/19
457,Taraz,1516905,42.89,42.8,45,4.47,90,01/14/19
458,Sinnar,1256119,19.85,55.15,74,6.62,0,01/14/19
459,Ahipara,2194098,-35.17,64.47,93,19.15,88,01/14/19
460,Merauke,2082539,-8.49,76.48,100,4.61,48,01/14/19
461,Jining,1805518,35.41,27.84,36,20.71,0,01/14/19
462,Urengoy,1488414,65.96,18.61,83,9.53,76,01/14/19
463,Kaitangata,2208248,-46.28,56.19,92,5.73,20,01/14/19
464,Avera,4231997,33.19,50.0,85,3.36,90,01/14/19
465,Sao Joao da Barra,3448903,-21.64,86.0,58,20.8,0,01/14/19
466,Verdun,2969958,49.16,42.8,87,5.82,90,01/14/19
467,Monrovia,2274895,6.33,78.8,83,8.52,0,01/14/19
468,Payson,5779548,40.04,28.94,49,2.26,1,01/14/19
469,Malia,257859,35.28,53.6,76,16.11,40,01/14/19
470,Northam,2641434,51.04,44.6,70,4.7,75,01/14/19
471,Concordia,3435261,-31.4,75.2,88,5.82,75,01/14/19
472,Port-Cartier,6111696,50.03,10.4,66,3.36,90,01/14/19
473,Rodeo,3988515,25.18,72.21,27,4.38,0,01/14/19
474,Kununurra,2068110,-15.77,77.0,94,3.04,12,01/14/19
475,Aktau,610612,43.65,32.0,100,11.18,90,01/14/19
476,Cururupu,3401148,-1.82,80.44,82,6.17,100,01/14/19
477,Ostrovnoy,556268,68.05,9.57,80,7.07,24,01/14/19
478,Salalah,286621,17.01,77.0,65,8.05,75,01/14/19
479,Bongor,2434910,10.28,70.18,31,9.64,0,01/14/19
480,Bougouni,2459775,11.42,75.58,25,9.42,0,01/14/19
481,Rosita,3618337,13.92,75.72,81,5.84,44,01/14/19
482,Yiyang,1808316,28.59,41.16,100,8.41,100,01/14/19
483,Lasa,146639,34.92,59.0,82,17.22,75,01/14/19
484,Talnakh,1490256,69.49,6.1,80,19.71,76,01/14/19
485,Killybegs,2963295,54.63,48.2,93,18.34,90,01/14/19
486,Tomatlan,3981391,19.93,81.12,66,3.83,80,01/14/19
487,Acajete,3533486,19.1,68.0,37,10.54,75,01/14/19
488,Oranjestad,3577154,12.52,82.4,65,20.8,20,01/14/19
489,Calabozo,3647444,8.92,92.82,34,13.22,0,01/14/19
490,Mnogovershinnyy,2019935,53.94,-6.68,73,2.71,64,01/14/19
491,Gravdal,3147822,59.79,35.6,80,12.75,40,01/14/19
492,Fereydun Kenar,134602,36.69,50.0,93,4.7,0,01/14/19
493,Waipawa,2185329,-39.94,59.11,96,12.88,92,01/14/19
494,Payyannur,1259994,12.1,80.62,100,2.59,0,01/14/19
495,Neiafu,4032420,-18.65,84.2,79,9.17,40,01/14/19
496,Dali,1814093,25.6,31.44,100,1.7,20,01/14/19
497,Asosa,343292,10.07,59.83,65,2.59,0,01/14/19
498,Lensk,2020838,60.71,-11.0,71,5.06,48,01/14/19
499,Bulawayo,894701,-20.16,65.37,95,3.27,68,01/14/19
500,Kjollefjord,779261,70.95,30.2,92,19.46,40,01/14/19
501,Nurota,1513087,40.56,50.0,43,9.17,92,01/14/19
502,Dembi Dolo,339448,8.53,60.87,72,2.93,0,01/14/19
503,Cabedelo,3404558,-6.97,82.4,69,16.11,40,01/14/19
504,Berdigestyakh,2026861,62.1,-37.46,74,2.71,12,01/14/19
505,Kasongo-Lunda,2315026,-6.48,70.81,87,2.15,92,01/14/19
506,Tessalit,2449893,20.2,50.74,33,8.3,0,01/14/19
507,Acari,3390864,-6.44,75.85,79,6.62,80,01/14/19
508,Lahij,73560,13.06,64.15,92,3.71,92,01/14/19
509,Grand-Santi,3381538,4.27,80.62,77,2.15,48,01/14/19
510,Adre,245669,13.47,64.74,42,6.4,0,01/14/19
511,San Pedro de Ycuamandiyu,3437021,-24.09,93.49,50,7.74,56,01/14/19
512,Belaya Gora,2126785,68.54,-25.9,40,6.17,64,01/14/19
513,Cartagena del Chaira,3792382,1.33,85.3,68,2.26,32,01/14/19
514,Blyth,2655315,55.12,44.6,81,5.82,75,01/14/19
515,Newport,2641598,51.59,44.6,87,10.29,90,01/14/19
516,Poronaysk,2121909,49.22,4.26,95,2.93,80,01/14/19
517,Kajaani,654901,64.22,19.4,85,9.17,90,01/14/19
518,Poum,787487,41.28,28.4,86,2.24,90,01/14/19
519,Kaeo,2189343,-35.1,64.96,83,14.12,24,01/14/19
520,Ati,2436400,13.21,71.67,23,10.42,0,01/14/19
521,Ayagoz,1525988,47.96,-15.41,42,2.71,0,01/14/19
522,Abu Samrah,172515,35.3,43.81,95,7.4,48,01/14/19
523,Port Augusta,2063056,-32.49,64.4,39,5.82,8,01/14/19
524,Ngorongoro,151610,-3.24,59.16,99,2.59,92,01/14/19
525,Salinopolis,3389822,-0.61,80.08,100,7.74,80,01/14/19
526,Shahpur,1256718,22.19,44.04,85,2.71,0,01/14/19
527,Sitka,4267710,37.17,49.75,69,6.4,0,01/14/19
528,Nouadhibou,2377457,20.93,62.31,80,11.21,0,01/14/19
529,Kodinsk,1503037,58.6,2.37,67,4.38,68,01/14/19
530,Havoysund,779622,71.0,30.2,79,3.36,0,01/14/19
531,Hami,1529484,42.84,22.66,78,11.21,80,01/14/19
532,Sonoita,5313135,31.68,66.2,33,3.71,1,01/14/19
533,Cockburn Town,3576994,21.46,79.09,100,8.41,68,01/14/19
534,Pontes e Lacerda,3453060,-15.23,82.29,80,4.94,56,01/14/19
535,Sault Sainte Marie,5009004,46.49,28.94,100,2.24,90,01/14/19
536,Dickinson,5688789,46.88,32.0,85,6.93,40,01/14/19
